City_ID,City,Country,Date,Lat,Lng,Max Temp,Humidity,Cloudiness,Wind Speed
0,Hilo,US,2022-06-13 22:34:06,19.7297,-155.09,88.29,66,40,9.22
1,Ribeira Grande,PT,2022-06-13 22:32:52,38.5167,-28.7,63.41,80,42,11.65
2,Comodoro Rivadavia,AR,2022-06-13 22:33:25,-45.8667,-67.5,57.06,47,0,10.36
3,Punta Arenas,CL,2022-06-13 22:37:50,-53.15,-70.9167,42.91,75,0,6.91
4,Hobart,AU,2022-06-13 22:37:50,-42.8794,147.3294,39.27,91,75,5.75
5,Atuona,PF,2022-06-13 22:37:51,-9.8,-139.0333,77.63,69,6,16.98
6,Westport,US,2022-06-13 22:37:51,41.1415,-73.3579,84.15,59,75,9.22
7,Jamestown,US,2022-06-13 22:33:37,42.097,-79.2353,75.52,76,23,3.8
8,Marawi,PH,2022-06-13 22:37:52,7.9986,124.2928,70.88,92,89,2.64
9,Sao Joao Da Barra,BR,2022-06-13 22:37:52,-21.6403,-41.0511,66.38,75,91,16.49
10,Kodiak,US,2022-06-13 22:35:59,57.79,-152.4072,51.31,71,100,6.91
11,Kapaa,US,2022-06-13 22:37:12,22.0752,-159.319,82.38,72,20,14.97
12,Half Moon Bay,US,2022-06-13 22:37:53,37.4636,-122.4286,79.79,55,0,24.16
13,Butaritari,KI,2022-06-13 22:37:54,3.0707,172.7902,81.34,77,18,13.42
14,Busselton,AU,2022-06-13 22:34:31,-33.65,115.3333,58.1,73,90,6.96
15,College,US,2022-06-13 22:37:54,64.8569,-147.8028,74.08,34,40,6.91
16,Puerto Ayora,EC,2022-06-13 22:37:55,-0.7393,-90.3518,76.96,88,49,4.0
17,Porosozero,RU,2022-06-13 22:37:55,62.7191,32.727,48.52,93,18,4.76
18,Havoysund,NO,2022-06-13 22:37:56,70.9963,24.6622,41.23,83,98,6.64
19,Vaini,TO,2022-06-13 22:37:56,-21.2,-175.2,80.76,78,20,5.75
20,Fortuna,US,2022-06-13 22:33:48,40.5982,-124.1573,62.92,63,40,20.71
21,Ushuaia,AR,2022-06-13 22:35:30,-54.8,-68.3,42.46,70,40,14.97
22,Saldanha,ZA,2022-06-13 22:37:57,-33.0117,17.9442,55.45,82,81,20.24
23,Kahului,US,2022-06-13 22:37:12,20.8947,-156.47,87.82,62,20,21.85
24,Katsuura,JP,2022-06-13 22:37:58,35.1333,140.3,65.79,76,100,14.54
25,Tuktoyaktuk,CA,2022-06-13 22:37:58,69.4541,-133.0374,37.4,81,20,13.8
26,Longyearbyen,SJ,2022-06-13 22:34:17,78.2186,15.6401,40.84,70,75,3.44
27,Khatanga,RU,2022-06-13 22:37:59,71.9667,102.5,53.28,57,94,10.58
28,Kommunar,RU,2022-06-13 22:38:00,59.6206,30.39,53.13,95,56,2.55
29,Bathsheba,BB,2022-06-13 22:38:00,13.2167,-59.5167,79.41,89,20,8.05
30,Rikitea,PF,2022-06-13 22:34:39,-23.1203,-134.9692,73.11,64,38,6.62
31,Albany,US,2022-06-13 22:35:12,42.6001,-73.9662,76.59,46,2,1.01
32,Nikolskoye,RU,2022-06-13 22:38:02,59.7035,30.7861,53.49,97,45,2.46
33,Arak,IR,2022-06-13 22:38:02,34.0917,49.6892,68.14,23,0,5.77
34,Georgetown,MY,2022-06-13 22:38:02,5.4112,100.3354,80.53,93,20,0.0
35,Evensk,RU,2022-06-13 22:38:03,61.95,159.2333,50.54,63,13,5.93
36,Buluang,PH,2022-06-13 22:38:03,13.3068,123.3425,80.37,85,77,3.11
37,Tuatapere,NZ,2022-06-13 22:38:04,-46.1333,167.6833,43.25,77,90,20.67
38,Hasaki,JP,2022-06-13 22:38:04,35.7333,140.8333,63.28,73,100,15.17
39,Havelock,US,2022-06-13 22:38:05,34.8791,-76.9013,87.8,82,20,14.97
40,Lanzhou,CN,2022-06-13 22:35:28,36.0564,103.7922,66.49,21,0,4.74
41,Sobolevo,RU,2022-06-13 22:38:05,54.4299,31.8996,53.38,85,78,4.27
42,Milkovo,RU,2022-06-13 22:33:10,54.7167,158.6167,50.23,77,100,4.0
43,Bluff,NZ,2022-06-13 22:38:06,-46.6,168.3333,41.81,67,100,38.07
44,Qaanaaq,GL,2022-06-13 22:38:07,77.484,-69.3632,28.94,77,43,2.82
45,Mont-De-Marsan,FR,2022-06-13 22:39:07,44.0,-0.6667,73.22,84,0,2.3
46,Monrovia,LR,2022-06-13 22:36:38,6.3005,-10.7969,78.46,78,91,11.52
47,Mahebourg,MU,2022-06-13 22:39:08,-20.4081,57.7,73.69,64,40,16.11
48,Yellowknife,CA,2022-06-13 22:34:35,62.456,-114.3525,70.32,40,40,12.66
49,Dingle,PH,2022-06-13 22:39:09,10.9995,122.6711,80.46,81,75,2.37
50,Mataura,NZ,2022-06-13 22:38:47,-46.1927,168.8643,41.49,91,97,13.87
51,Ixtapa,MX,2022-06-13 22:39:09,20.7,-105.2,87.03,70,20,16.11
52,Saint-Philippe,RE,2022-06-13 22:36:03,-21.3585,55.7679,67.59,77,53,14.36
53,Sitka,US,2022-06-13 22:39:10,57.0531,-135.33,53.49,76,100,8.05
54,Sandwick,GB,2022-06-13 22:39:10,60.0,-1.25,51.62,93,75,13.8
55,Basoko,CD,2022-06-13 22:39:11,1.2391,23.616,70.54,96,100,3.49
56,Varna,BG,2022-06-13 22:34:45,43.2167,27.9167,69.44,86,67,0.0
57,Hermanus,ZA,2022-06-13 22:39:11,-34.4187,19.2345,53.8,78,100,14.81
58,Cape Town,ZA,2022-06-13 22:35:02,-33.9258,18.4232,55.27,92,100,12.66
59,Tabuk,PH,2022-06-13 22:39:12,17.4189,121.4443,78.19,86,91,2.86
60,Port Alfred,ZA,2022-06-13 22:39:13,-33.5906,26.891,71.38,46,100,7.02
61,Kenai,US,2022-06-13 22:39:13,60.5544,-151.2583,60.03,72,20,13.8
62,East London,ZA,2022-06-13 22:39:09,-33.0153,27.9116,77.04,33,100,14.25
63,Avarua,CK,2022-06-13 22:39:14,-21.2078,-159.775,80.65,69,98,8.05
64,Clyde River,CA,2022-06-13 22:39:14,70.4692,-68.5914,37.63,81,100,3.44
65,Richards Bay,ZA,2022-06-13 22:39:14,-28.783,32.0377,62.44,48,94,11.12
66,Geraldton,AU,2022-06-13 22:39:15,-28.7667,114.6,55.81,82,75,11.5
67,Bambous Virieux,MU,2022-06-13 22:39:15,-20.3428,57.7575,73.65,64,40,16.11
68,Sao Geraldo Do Araguaia,BR,2022-06-13 22:39:16,-6.4006,-48.555,74.5,89,59,1.68
69,Bambanglipuro,ID,2022-06-13 22:39:16,-7.95,110.2833,75.7,91,74,3.42
70,Nouadhibou,MR,2022-06-13 22:39:17,20.931,-17.0347,69.78,83,0,17.27
71,Lasa,IT,2022-06-13 22:39:17,46.6166,10.7002,61.68,86,4,4.83
72,Isangel,VU,2022-06-13 22:39:18,-19.55,169.2667,79.84,74,100,6.49
73,Deputatskiy,RU,2022-06-13 22:39:18,69.3,139.9,56.52,48,95,4.88
74,Igarka,RU,2022-06-13 22:38:53,67.4667,86.5833,60.13,75,47,6.38
75,Torbay,CA,2022-06-13 22:35:30,47.6666,-52.7314,53.28,80,75,5.75
76,Lebu,CL,2022-06-13 22:39:09,-37.6167,-73.65,50.43,91,100,10.11
77,Maniitsoq,GL,2022-06-13 22:39:19,65.4167,-52.9,36.63,73,11,17.38
78,Palana,RU,2022-06-13 22:39:20,59.1167,159.9667,41.11,84,99,4.74
79,Mar Del Plata,AR,2022-06-13 22:34:30,-38.0023,-57.5575,58.95,58,0,5.75
80,Port Hardy,CA,2022-06-13 22:34:31,50.6996,-127.4199,51.98,87,100,8.05
81,Cidreira,BR,2022-06-13 22:39:21,-30.1811,-50.2056,58.21,86,97,3.06
82,Kholodnyy,RU,2022-06-13 22:39:21,62.7167,147.95,52.74,67,100,14.09
83,San Quintin,MX,2022-06-13 22:39:22,30.4833,-115.95,69.76,71,2,18.1
84,Luderitz,NA,2022-06-13 22:39:22,-26.6481,15.1594,58.84,91,66,14.27
85,New Norfolk,AU,2022-06-13 22:39:19,-42.7826,147.0587,39.7,87,66,2.71
86,Siva,EG,2022-06-13 22:39:23,29.2041,25.5195,81.32,36,0,5.53
87,Vila Verde,PT,2022-06-13 22:39:24,41.6473,-8.4372,75.94,69,12,1.92
88,Vanavara,RU,2022-06-13 22:39:24,60.34,102.2797,58.77,86,87,1.74
89,Castro,BR,2022-06-13 22:39:24,-24.7911,-50.0119,44.78,80,0,3.51
90,Jiwani,PK,2022-06-13 22:39:25,25.05,61.7417,82.94,83,5,4.85
91,Barrow,US,2022-06-13 22:40:25,71.2906,-156.7887,35.62,80,40,17.27
92,Upernavik,GL,2022-06-13 22:40:26,72.7868,-56.1549,31.89,82,80,7.31
93,San Policarpo,PH,2022-06-13 22:40:26,12.1791,125.5072,82.49,77,50,6.15
94,Bredasdorp,ZA,2022-06-13 22:40:27,-34.5322,20.0403,55.31,77,100,9.53
95,Iquitos,PE,2022-06-13 22:40:27,-3.7481,-73.2472,77.04,69,75,3.44
96,Makkaveyevo,RU,2022-06-13 22:40:28,51.7533,113.9454,62.51,46,27,2.17
97,Chumikan,RU,2022-06-13 22:40:28,54.7183,135.315,42.17,98,100,2.73
98,Beitbridge,ZW,2022-06-13 22:40:28,-22.2167,30.0,59.92,37,0,2.26
99,George,ZA,2022-06-13 22:40:29,-33.963,22.4617,56.75,94,100,2.3
100,Nanortalik,GL,2022-06-13 22:40:29,60.1432,-45.2371,37.69,81,2,25.72
101,Port Elizabeth,ZA,2022-06-13 22:40:30,-33.918,25.5701,66.09,52,0,2.3
102,Chiang Rai,TH,2022-06-13 22:40:31,19.9167,99.9167,77.13,97,0,1.01
103,Severnyy,RU,2022-06-13 22:40:31,50.677,36.5532,64.44,88,0,2.24
104,Tornio,FI,2022-06-13 22:40:31,65.8481,24.1466,46.42,93,44,3.53
105,Punta,PH,2022-06-13 22:40:32,8.9897,125.34,78.42,84,100,3.42
106,Neuquen,AR,2022-06-13 22:40:32,-38.9516,-68.0591,46.29,61,0,0.0
107,Port Macquarie,AU,2022-06-13 22:40:33,-31.4333,152.9167,54.01,70,1,3.31
108,Coquimbo,CL,2022-06-13 22:39:39,-29.9533,-71.3436,53.33,82,100,5.75
109,Puri,IN,2022-06-13 22:40:07,19.8,85.85,84.72,87,64,12.62
110,Port Lincoln,AU,2022-06-13 22:36:11,-34.7333,135.8667,57.2,58,67,24.16
111,Kiama,AU,2022-06-13 22:40:34,-34.6833,150.8667,50.58,71,18,5.01
112,Chuy,UY,2022-06-13 22:40:35,-33.6971,-53.4616,51.78,92,22,4.65
113,Srednekolymsk,RU,2022-06-13 22:40:35,67.45,153.6833,68.11,25,0,13.09
114,Kapit,MY,2022-06-13 22:40:36,2.0167,112.9333,71.65,99,65,0.92
115,Pevek,RU,2022-06-13 22:40:17,69.7008,170.3133,36.03,77,51,6.29
116,Cherskiy,RU,2022-06-13 22:40:36,68.75,161.3,65.53,30,15,6.53
117,Yar-Sale,RU,2022-06-13 22:40:37,66.8333,70.8333,42.49,81,99,17.11
118,Longyan,CN,2022-06-13 22:40:37,25.1072,117.0225,73.04,99,100,2.89
119,Leshukonskoye,RU,2022-06-13 22:40:38,64.8989,45.7622,51.53,96,83,4.18
120,Yate,GB,2022-06-13 22:40:38,51.5407,-2.4184,54.54,76,15,3.29
121,Dauphin,CA,2022-06-13 22:40:39,51.1494,-100.0502,60.94,81,75,8.05
122,Mvangue,CM,2022-06-13 22:40:39,2.9667,11.5167,67.33,99,100,2.44
123,Kosh-Agach,RU,2022-06-13 22:40:40,50.0,88.6667,53.76,83,45,2.71
124,Iqaluit,CA,2022-06-13 22:40:40,63.7506,-68.5145,40.73,75,75,3.44
125,Pitimbu,BR,2022-06-13 22:40:41,-7.4706,-34.8086,75.79,80,5,7.72
126,Kavieng,PG,2022-06-13 22:40:41,-2.5744,150.7967,84.2,69,21,13.98
127,Charters Towers,AU,2022-06-13 22:40:42,-20.1,146.2667,59.0,55,11,6.35
128,Marsh Harbour,BS,2022-06-13 22:40:42,26.5412,-77.0636,82.36,74,75,10.98
129,Kabare,CD,2022-06-13 22:40:42,-2.4683,28.8242,59.67,94,71,0.18
130,Zhanaozen,KZ,2022-06-13 22:40:43,43.3,52.8,79.52,32,100,7.18
131,San Rafael,AR,2022-06-13 22:40:06,-34.6177,-68.3301,53.56,43,98,5.44
132,Martapura,ID,2022-06-13 22:40:43,-3.4167,114.85,75.29,100,100,2.3
133,Arrecife,ES,2022-06-13 22:40:44,28.963,-13.5477,69.78,78,20,12.66
134,Cabo San Lucas,MX,2022-06-13 22:40:01,22.8909,-109.9124,92.61,26,0,12.66
135,Mandan,US,2022-06-13 22:40:45,46.8267,-100.8896,82.38,88,100,18.41
136,Bengkulu,ID,2022-06-13 22:41:45,-3.8004,102.2655,75.4,84,72,3.51
137,Mitsamiouli,KM,2022-06-13 22:41:45,-11.3847,43.2844,76.96,71,19,3.49
138,Arraial Do Cabo,BR,2022-06-13 22:41:46,-22.9661,-42.0278,66.06,88,75,19.57
139,Qinhuangdao,CN,2022-06-13 22:41:46,39.9317,119.5883,64.65,94,100,7.63
140,Sucha Beskidzka,PL,2022-06-13 22:41:47,49.7419,19.5943,51.91,95,46,4.72
141,Gat,IL,2022-06-13 22:41:47,31.61,34.7642,71.4,100,0,1.12
142,Abu Zabad,SD,2022-06-13 22:41:48,12.35,29.25,81.93,56,100,6.96
143,Chokurdakh,RU,2022-06-13 22:37:18,70.6333,147.9167,68.65,30,0,18.39
144,Nome,US,2022-06-13 22:39:36,64.5011,-165.4064,44.67,66,100,11.5
145,Am Timan,TD,2022-06-13 22:41:49,11.0297,20.2827,79.12,66,88,8.72
146,Poum,NC,2022-06-13 22:39:08,-20.2333,164.0167,74.23,90,100,9.08
147,Bhatkal,IN,2022-06-13 22:41:49,13.9667,74.5667,79.56,83,99,3.96
148,Dukat,RU,2022-06-13 22:41:50,62.55,155.55,51.39,49,3,4.43
149,Butte,US,2022-06-13 22:41:50,39.6499,-121.5677,80.19,20,0,16.11
150,Lavumisa,SZ,2022-06-13 22:41:51,-27.31,31.892,56.5,49,46,5.12
151,Kindu,CD,2022-06-13 22:41:51,-2.95,25.95,69.24,94,95,1.52
152,Gigmoto,PH,2022-06-13 22:41:52,13.7796,124.39,83.08,81,97,7.85
153,Palauig,PH,2022-06-13 22:41:52,15.435,119.9045,82.83,75,93,3.06
154,Surgut,RU,2022-06-13 22:41:52,61.25,73.4167,51.98,93,100,8.95
155,Vao,NC,2022-06-13 22:41:53,-22.6667,167.4833,72.14,77,100,14.5
156,Palmer,US,2022-06-13 22:41:53,42.1584,-72.3287,83.8,45,40,13.8
157,Sao Joao Batista,BR,2022-06-13 22:41:54,-27.2761,-48.8494,62.42,95,2,1.92
158,Ila,NO,2022-06-13 22:41:54,63.4305,10.3705,51.8,92,100,1.01
159,Tual,ID,2022-06-13 22:41:55,-5.6667,132.75,82.17,79,62,16.35
160,Kismayo,SO,2022-06-13 22:41:55,-0.3582,42.5454,77.59,81,21,14.99
161,Kaitangata,NZ,2022-06-13 22:41:56,-46.2817,169.8464,40.39,93,94,18.01
162,Namatanai,PG,2022-06-13 22:41:56,-3.6667,152.4333,83.44,69,8,9.66
163,Thompson,CA,2022-06-13 22:41:56,55.7435,-97.8558,80.76,24,40,12.66
164,Klaksvik,FO,2022-06-13 22:39:30,62.2266,-6.589,49.12,94,100,13.85
165,Rio Gallegos,AR,2022-06-13 22:40:59,-51.6226,-69.2181,44.65,76,75,10.36
166,Cayenne,GF,2022-06-13 22:41:57,4.9333,-52.3333,75.09,1,75,2.3
167,Puerto Baquerizo Moreno,EC,2022-06-13 22:41:58,-0.9,-89.6,76.19,73,20,12.66
168,Hithadhoo,MV,2022-06-13 22:41:58,-0.6,73.0833,83.14,72,55,7.9
169,Saskylakh,RU,2022-06-13 22:41:59,71.9167,114.0833,65.86,37,100,3.06
170,Kumylzhenskaya,RU,2022-06-13 22:41:59,49.8809,42.5898,57.97,53,38,7.23
171,Dudinka,RU,2022-06-13 22:42:00,69.4058,86.1778,52.93,67,98,14.47
172,Manzil Kamil,TN,2022-06-13 22:42:00,35.6248,10.6673,74.64,57,0,3.44
173,Tasiilaq,GL,2022-06-13 22:42:01,65.6145,-37.6368,37.56,95,100,9.62
174,Smolenka,RU,2022-06-13 22:42:01,52.1352,113.4974,50.07,87,43,2.24
175,Port-Cartier,CA,2022-06-13 22:42:02,50.0334,-66.8654,57.42,93,80,11.88
176,Yulara,AU,2022-06-13 22:42:02,-25.2406,130.9889,55.98,40,0,2.06
177,Port Hedland,AU,2022-06-13 22:42:03,-20.3167,118.5667,62.65,59,0,8.05
178,Labuhan,ID,2022-06-13 22:42:03,-6.8844,112.2051,77.4,86,100,5.75
179,Gao,ML,2022-06-13 22:42:04,16.6362,1.637,97.38,19,3,7.54
180,Mocuba,MZ,2022-06-13 22:42:04,-16.8392,36.9856,61.52,97,7,1.92
181,Talnakh,RU,2022-06-13 22:39:18,69.4865,88.3972,59.41,60,78,0.74
182,Buala,SB,2022-06-13 22:43:05,-8.145,159.5921,81.81,78,56,9.26
183,Ilulissat,GL,2022-06-13 22:41:41,69.2167,-51.1,35.62,75,75,10.36
184,Ahipara,NZ,2022-06-13 22:43:05,-35.1667,173.1667,60.42,56,47,13.53
185,Deer Lake,CA,2022-06-13 22:42:22,49.1667,-57.4316,73.26,43,40,5.75
186,Ayan,RU,2022-06-13 22:43:06,56.45,138.1667,41.54,98,100,2.93
187,Hualmay,PE,2022-06-13 22:43:07,-11.0964,-77.6139,64.38,78,25,11.45
188,Lannion,FR,2022-06-13 22:43:07,48.75,-3.4167,55.67,77,37,5.61
189,Atasu,KZ,2022-06-13 22:43:07,48.6814,71.6433,60.64,74,80,3.62
190,Sharan,RU,2022-06-13 22:43:08,54.8167,54.0,49.24,86,8,3.27
191,Los Llanos De Aridane,ES,2022-06-13 22:43:08,28.6585,-17.9182,67.75,84,100,3.44
192,Paita,PE,2022-06-13 22:43:09,-5.0892,-81.1144,65.61,79,72,15.55
193,Asyut,EG,2022-06-13 22:43:09,27.181,31.1837,82.58,29,0,7.38
194,Tilichiki,RU,2022-06-13 22:43:10,60.4667,166.1,54.64,51,63,8.05
195,Yinchuan,CN,2022-06-13 22:43:10,38.4681,106.2731,72.09,17,0,9.51
196,Saint-Francois,FR,2022-06-13 22:42:01,46.4154,3.9054,58.44,63,0,3.44
197,Visby,SE,2022-06-13 22:43:11,57.6409,18.296,57.81,82,19,8.05
198,Wadi Maliz,TN,2022-06-13 22:43:11,36.4681,8.5495,74.86,33,0,4.29
199,Saint-Michel-Des-Saints,CA,2022-06-13 22:42:53,46.6834,-73.9159,63.93,59,51,7.78
200,Rundu,NA,2022-06-13 22:43:12,-17.9333,19.7667,52.54,54,0,4.03
201,Ayr,GB,2022-06-13 22:39:34,55.4627,-4.6339,53.58,82,75,6.91
202,Elizabeth City,US,2022-06-13 22:43:13,36.2946,-76.2511,92.01,67,20,11.5
203,Zhezkazgan,KZ,2022-06-13 22:43:13,47.8043,67.7144,60.96,62,69,7.14
204,Kavaratti,IN,2022-06-13 22:43:14,10.5669,72.642,83.68,75,96,14.52
205,Airai,TL,2022-06-13 22:43:14,-8.9266,125.4092,61.39,86,63,3.71
206,Tiksi,RU,2022-06-13 22:43:15,71.6872,128.8694,51.85,53,100,2.66
207,Caiaponia,BR,2022-06-13 22:43:15,-16.9567,-51.8103,62.2,40,39,6.42
208,Christchurch,NZ,2022-06-13 22:43:16,-43.5333,172.6333,58.41,58,21,12.66
209,Riyadh,SA,2022-06-13 22:38:52,24.6877,46.7219,91.54,12,0,7.43
210,Antalaha,MG,2022-06-13 22:40:10,-14.9003,50.2788,69.1,90,3,6.04
211,Aklavik,CA,2022-06-13 22:43:17,68.2191,-135.0107,58.1,42,87,10.22
212,Touros,BR,2022-06-13 22:43:17,-5.1989,-35.4608,76.06,80,4,9.93
213,Mingrelskaya,RU,2022-06-13 22:43:17,45.0134,38.3379,70.21,71,75,6.15
214,Akyab,MM,2022-06-13 22:39:31,20.15,92.9,81.64,83,88,1.68
215,Belfast,GB,2022-06-13 22:41:37,54.5833,-5.9333,57.02,67,40,3.44
216,Faanui,PF,2022-06-13 22:43:18,-16.4833,-151.75,80.2,69,10,20.8
217,Launceston,AU,2022-06-13 22:43:19,-41.45,147.1667,39.07,82,100,0.92
218,Mayo,US,2022-06-13 22:43:07,38.8876,-76.5119,91.51,74,20,8.05
219,Newport,GB,2022-06-13 22:38:43,51.5877,-2.9984,55.81,75,18,5.39
220,Leningradskiy,RU,2022-06-13 22:43:20,69.3833,178.4167,33.75,91,100,8.86
221,Florianopolis,BR,2022-06-13 22:43:20,-27.6146,-48.5012,58.41,86,20,3.44
222,Lucea,JM,2022-06-13 22:43:21,18.451,-78.1736,85.86,75,100,15.82
223,Kilindoni,TZ,2022-06-13 22:43:21,-7.9139,39.6668,78.31,75,2,16.08
224,Colac,AU,2022-06-13 22:43:21,-38.3333,143.5833,47.17,81,97,5.08
225,Fort Nelson,CA,2022-06-13 22:43:10,58.8053,-122.7002,71.19,23,75,3.44
226,Davila,PH,2022-06-13 22:43:22,18.4726,120.5763,76.98,75,90,5.28
227,Shirokiy,RU,2022-06-13 22:43:23,49.758,129.523,65.23,84,100,6.46
228,Mayachnyy,RU,2022-06-13 22:43:23,52.6839,55.685,48.94,88,0,4.34
229,Knysna,ZA,2022-06-13 22:44:24,-34.0363,23.0471,62.17,48,83,4.9
230,Jumla,NP,2022-06-13 22:44:24,29.2747,82.1838,58.95,80,55,2.06
231,Alekseyevsk,RU,2022-06-13 22:44:24,57.8406,108.3492,61.38,83,8,3.0
232,Laguna,US,2022-06-13 22:42:03,38.421,-121.4238,86.29,17,0,13.8
233,Vestmanna,FO,2022-06-13 22:44:25,62.1564,-7.1664,47.32,100,100,12.66
234,Emerald,AU,2022-06-13 22:44:26,-23.5333,148.1667,53.35,62,1,7.83
235,Saint Anthony,US,2022-06-13 22:44:26,45.0205,-93.218,80.49,78,75,11.5
236,Yueyang,CN,2022-06-13 22:44:26,29.3333,113.0919,71.92,93,46,8.99
237,Kawalu,ID,2022-06-13 22:44:27,-7.3817,108.2082,70.81,96,85,1.97
238,Limbang,MY,2022-06-13 22:44:27,4.75,115.0,77.11,97,65,1.45
239,Waddan,LY,2022-06-13 22:44:28,29.1614,16.139,75.65,46,0,10.87
240,Norman Wells,CA,2022-06-13 22:40:07,65.282,-126.8329,53.64,54,40,14.97
241,Prince Albert,CA,2022-06-13 22:39:31,53.2001,-105.7677,62.55,82,100,11.5
242,Bud,US,2022-06-13 22:44:29,39.447,-86.1758,91.81,74,99,9.93
243,Gazojak,TM,2022-06-13 22:44:29,41.1875,61.4036,81.19,17,1,8.99
244,Dikson,RU,2022-06-13 22:44:29,73.5069,80.5464,30.51,87,99,11.77
245,Luganville,VU,2022-06-13 22:44:30,-15.5333,167.1667,81.68,78,47,6.87
246,Leipzig,DE,2022-06-13 22:40:02,51.342,12.375,55.2,65,0,5.75
247,Fairbanks,US,2022-06-13 22:44:31,64.8378,-147.7164,74.08,34,75,6.91
248,Tukrah,LY,2022-06-13 22:44:31,32.5341,20.5791,71.92,85,0,6.49
249,Huarmey,PE,2022-06-13 22:42:18,-10.0681,-78.1522,65.77,78,14,9.75
250,Bondo,CD,2022-06-13 22:44:32,3.8146,23.6866,67.78,99,94,1.88
251,Viedma,AR,2022-06-13 22:44:32,-40.8135,-62.9967,55.09,49,100,11.83
252,Bria,CF,2022-06-13 22:44:33,6.5423,21.9863,70.0,97,91,2.35
253,Sungaipenuh,ID,2022-06-13 22:44:33,-2.0833,101.3833,63.5,98,100,1.48
254,Avera,US,2022-06-13 22:44:33,33.194,-82.5271,98.55,30,3,5.68
255,Wewak,PG,2022-06-13 22:44:34,-3.5534,143.6268,79.79,82,38,7.81
256,Samagaltay,RU,2022-06-13 22:44:34,50.6022,95.0047,61.97,74,82,5.12
257,Padang,ID,2022-06-13 22:41:28,-0.9492,100.3543,73.45,88,100,2.95
258,Beroroha,MG,2022-06-13 22:44:35,-21.6667,45.1667,61.39,82,4,3.4
259,Victoria,HK,2022-06-13 22:43:26,22.2855,114.1577,84.38,87,100,11.99
260,Dalby,AU,2022-06-13 22:44:36,-27.1833,151.2667,59.92,63,10,4.03
261,Haines Junction,CA,2022-06-13 22:44:36,60.7522,-137.5108,57.15,58,100,2.3
262,Kuytun,RU,2022-06-13 22:44:37,54.3419,101.5036,64.09,82,97,2.8
263,Molochnoye,RU,2022-06-13 22:44:38,59.2917,39.6787,52.27,94,99,2.13
264,Bandarbeyla,SO,2022-06-13 22:44:31,9.4942,50.8122,78.87,77,92,27.54
265,Jhudo,PK,2022-06-13 22:44:38,24.964,69.2968,86.58,61,1,11.03
266,Tommot,RU,2022-06-13 22:44:39,58.9564,126.2925,62.89,56,64,1.9
267,Ponta Do Sol,PT,2022-06-13 22:44:39,32.6667,-17.1,70.0,69,49,6.62
268,Tautira,PF,2022-06-13 22:44:39,-17.7333,-149.15,78.94,67,51,19.19
269,Cabedelo,BR,2022-06-13 22:40:42,-6.9811,-34.8339,75.87,80,22,8.59
270,Salalah,OM,2022-06-13 22:44:40,17.0151,54.0924,84.29,84,75,5.75
271,Freetown,SL,2022-06-13 22:43:21,8.484,-13.2299,78.69,85,100,9.26
272,Karwar,IN,2022-06-13 22:40:07,14.8,74.1333,78.67,84,91,1.32
273,Carnarvon,AU,2022-06-13 22:44:41,-24.8667,113.6333,63.39,56,3,11.65
274,Raudeberg,NO,2022-06-13 22:44:42,61.9875,5.1352,48.87,95,100,12.53
275,Tagusao,PH,2022-06-13 22:44:42,9.1924,117.8141,80.13,82,84,5.19
276,Pochutla,MX,2022-06-13 22:45:42,15.7432,-96.4661,80.82,80,97,5.91
277,Mount Gambier,AU,2022-06-13 22:44:32,-37.8333,140.7667,47.35,74,100,10.56
278,Beloha,MG,2022-06-13 22:43:06,-25.1667,45.05,60.87,72,0,7.92
279,Sao Filipe,CV,2022-06-13 22:45:44,14.8961,-24.4956,73.8,78,16,8.66
280,San Cristobal,VE,2022-06-13 22:45:44,7.7669,-72.225,77.18,98,88,4.59
281,Dickinson,US,2022-06-13 22:45:44,29.4608,-95.0513,96.13,67,0,18.41
282,Aykino,RU,2022-06-13 22:45:45,62.2248,49.9922,51.66,72,100,4.72
283,Almaty,KZ,2022-06-13 22:45:45,43.25,76.95,58.91,82,75,4.47
284,Esperance,AU,2022-06-13 22:45:46,-33.8667,121.9,59.52,74,80,20.94
285,Saint-Joseph,RE,2022-06-13 22:45:46,-21.3667,55.6167,68.38,77,57,13.73
286,Eureka,US,2022-06-13 22:43:35,40.8021,-124.1637,66.67,66,7,10.0
287,Portland,US,2022-06-13 22:41:45,45.5234,-122.6762,61.0,77,100,8.05
288,Caravelas,BR,2022-06-13 22:45:47,-17.7125,-39.2481,72.7,72,100,11.18
289,Lincoln,US,2022-06-13 22:40:50,40.8,-96.667,102.11,43,0,26.46
290,Pangnirtung,CA,2022-06-13 22:45:48,66.1451,-65.7125,39.2,81,20,19.57
291,Tuy Hoa,VN,2022-06-13 22:45:48,13.0833,109.3,79.5,77,79,4.94
292,Hay River,CA,2022-06-13 22:42:18,60.8156,-115.7999,71.56,26,40,8.05
293,Mayumba,GA,2022-06-13 22:45:49,-3.432,10.6554,73.99,88,99,5.73
294,Mandiana,GN,2022-06-13 22:45:49,10.6333,-8.6833,75.51,82,37,4.0
295,Adre,TD,2022-06-13 22:45:50,13.4667,22.2,75.36,64,100,11.88
296,Cascais,PT,2022-06-13 22:45:50,38.6979,-9.4215,70.5,76,19,8.99
297,Axim,GH,2022-06-13 22:45:51,4.8699,-2.2405,78.08,80,7,6.69
298,Ostrovnoy,RU,2022-06-13 22:45:51,68.0531,39.5131,43.79,95,100,4.65
299,Scarborough,GB,2022-06-13 22:42:09,54.2797,-0.4044,54.91,74,100,1.01
300,Sarahan,IN,2022-06-13 22:45:52,31.5167,77.8,61.47,54,13,4.65
301,Mirandopolis,BR,2022-06-13 22:45:53,-21.1336,-51.1017,57.51,46,32,6.11
302,Marienburg,PL,2022-06-13 22:45:53,54.0359,19.0266,54.12,93,0,8.16
303,Novonukutskiy,RU,2022-06-13 22:45:54,53.7002,102.7117,63.91,81,100,1.16
304,Talaya,RU,2022-06-13 22:45:54,61.3833,152.75,52.3,53,4,6.4
305,Hervey Bay,AU,2022-06-13 22:45:54,-25.2986,152.8535,67.33,69,99,11.48
306,Mnogovershinnyy,RU,2022-06-13 22:45:55,53.9353,139.9242,62.8,69,99,2.93
307,Sijunjung,ID,2022-06-13 22:45:55,-0.6876,100.9537,71.11,99,100,1.39
308,Ventspils,LV,2022-06-13 22:42:10,57.3894,21.5606,51.73,93,100,2.3
309,Abu Samrah,SY,2022-06-13 22:45:56,35.3029,37.1841,67.68,76,0,11.56
310,Xiongzhou,CN,2022-06-13 22:45:57,25.1167,114.3,72.66,99,100,1.63
311,Jennings,US,2022-06-13 22:45:57,38.7192,-90.2604,99.82,58,75,13.8
312,Presidencia Roque Saenz Pena,AR,2022-06-13 22:45:57,-26.7852,-60.4388,50.63,72,0,7.2
313,Provideniya,RU,2022-06-13 22:45:58,64.3833,-173.3,37.51,87,100,11.18
314,Fuyu,CN,2022-06-13 22:45:58,45.1833,124.8167,63.0,88,99,7.05
315,Misratah,LY,2022-06-13 22:45:59,32.3754,15.0925,71.6,81,0,5.88
316,Lompoc,US,2022-06-13 22:45:59,34.6391,-120.4579,87.57,54,0,23.02
317,Abasolo,MX,2022-06-13 22:46:00,20.45,-101.5167,83.41,26,57,4.32
318,Damara,CF,2022-06-13 22:46:00,4.9608,18.7035,68.16,95,100,1.68
319,Nanakuli,US,2022-06-13 22:46:01,21.3906,-158.1547,84.15,54,20,14.97
320,Hamilton,US,2022-06-13 22:45:30,39.1834,-84.5333,86.25,83,100,47.18
321,Quatre Cocos,MU,2022-06-13 22:47:02,-20.2078,57.7625,73.51,66,77,17.2
322,Dabakala,CI,2022-06-13 22:47:02,8.3667,-4.4333,73.72,88,79,4.29
323,Waingapu,ID,2022-06-13 22:47:02,-9.6567,120.2641,75.6,78,74,8.23
324,Greeley,US,2022-06-13 22:42:48,40.4233,-104.7091,100.27,11,0,9.22
325,Sabang,ID,2022-06-13 22:47:03,5.8933,95.3214,82.94,73,49,12.28
326,Mehamn,NO,2022-06-13 22:47:04,71.0357,27.8492,42.75,87,75,4.61
327,Broken Hill,AU,2022-06-13 22:47:04,-31.95,141.4333,46.76,67,0,10.27
328,Alofi,NU,2022-06-13 22:47:04,-19.0595,-169.9187,76.89,94,75,9.22
329,Mangan,IN,2022-06-13 22:47:05,27.5167,88.5333,74.82,97,100,0.43
330,Sladkovo,RU,2022-06-13 22:47:05,55.5284,70.3385,48.24,97,83,5.64
331,Te Anau,NZ,2022-06-13 22:47:06,-45.4167,167.7167,41.14,81,87,12.35
332,Ola,RU,2022-06-13 22:47:06,59.5833,151.2833,53.15,82,99,2.44
333,Khandyga,RU,2022-06-13 22:47:07,62.6667,135.6,62.33,55,48,7.07
334,Dakar,SN,2022-06-13 22:45:25,14.6937,-17.4441,77.88,78,75,0.0
335,Yerbogachen,RU,2022-06-13 22:47:08,61.2767,108.0108,60.84,57,28,3.58
336,Cockburn Town,TC,2022-06-13 22:47:08,21.4612,-71.1419,84.16,74,40,13.8
337,Abalak,RU,2022-06-13 22:47:09,58.1286,68.5944,48.56,99,100,4.52
338,Kafanchan,NG,2022-06-13 22:47:09,9.5833,8.3,70.07,92,80,3.09
339,Ouadda,CF,2022-06-13 22:47:09,8.0777,22.4007,67.5,97,83,0.94
340,Nishihara,JP,2022-06-13 22:47:10,26.1842,127.7558,82.06,97,75,18.41
341,Bilma,NE,2022-06-13 22:47:10,18.6853,12.9164,92.61,14,0,10.09
342,Saint George,US,2022-06-13 22:45:08,37.1041,-113.5841,95.63,15,0,19.57
343,Bethel,US,2022-06-13 22:47:11,41.3712,-73.414,83.07,48,0,9.22
344,Sorong,ID,2022-06-13 22:47:11,-0.8833,131.25,77.94,85,41,4.85
345,Bonavista,CA,2022-06-13 22:42:12,48.6499,-53.1147,43.66,81,30,12.1
346,Mileanca,RO,2022-06-13 22:47:12,48.0833,26.7,68.36,76,30,4.36
347,Faya,SA,2022-06-13 22:47:12,18.3851,42.4509,73.51,32,1,8.48
348,Lata,PT,2022-06-13 22:47:13,40.1629,-8.3327,66.69,79,4,1.23
349,Kalmunai,LK,2022-06-13 22:47:13,7.4167,81.8167,79.5,83,76,3.83
350,Mareeba,AU,2022-06-13 22:47:14,-17.0,145.4333,67.66,78,1,3.27
351,Nazarovo,RU,2022-06-13 22:47:14,56.0064,90.3914,63.63,85,83,3.22
352,Roald,NO,2022-06-13 22:47:15,62.5833,6.1333,54.91,93,75,11.5
353,Narsaq,GL,2022-06-13 22:47:15,60.9167,-46.05,52.02,42,0,15.43
354,Oussouye,SN,2022-06-13 22:47:16,12.485,-16.5469,80.69,79,68,7.9
355,Samarai,PG,2022-06-13 22:47:16,-10.6167,150.6667,83.01,73,73,11.5
356,Aykhal,RU,2022-06-13 22:47:17,66.0,111.5,64.58,29,43,1.03
357,Ormara,PK,2022-06-13 22:47:17,25.2088,64.6357,82.2,83,3,6.76
358,Qandala,SO,2022-06-13 22:47:18,11.472,49.8728,88.81,59,100,1.43
359,Saint-Pierre,RE,2022-06-13 22:47:18,-21.3393,55.4781,72.91,78,75,10.36
360,Bamiantong,CN,2022-06-13 22:47:19,44.9333,130.5333,61.03,75,96,8.55
361,Brigantine,US,2022-06-13 22:47:20,39.4101,-74.3646,83.19,91,54,10.69
362,Lafiagi,NG,2022-06-13 22:47:20,8.8667,5.4167,78.98,77,27,3.74
363,Vikarabad,IN,2022-06-13 22:47:21,17.3333,77.9,78.46,68,83,10.56
364,Chulym,RU,2022-06-13 22:47:21,55.0997,80.9572,60.17,82,4,7.67
365,Sibolga,ID,2022-06-13 22:47:21,1.7427,98.7792,74.75,91,100,3.24
366,Podgorodnyaya Pokrovka,RU,2022-06-13 22:48:22,51.8281,54.9874,46.53,88,18,4.92
367,Vangaindrano,MG,2022-06-13 22:48:22,-23.35,47.6,66.83,71,57,0.22
368,Mendi,PG,2022-06-13 22:48:23,-6.1761,143.6513,61.83,75,22,0.67
369,Oriximina,BR,2022-06-13 22:48:23,-1.7656,-55.8661,75.69,91,14,1.34
370,Mlonggo,ID,2022-06-13 22:48:24,-6.5333,110.7,77.92,86,100,5.93
371,Iquique,CL,2022-06-13 22:43:25,-20.2208,-70.1431,60.84,84,21,5.77
372,Eyl,SO,2022-06-13 22:48:24,7.9803,49.8164,80.78,64,97,26.33
373,Guiyang,CN,2022-06-13 22:48:25,26.5833,106.7167,63.09,94,40,2.24
374,Ipixuna,BR,2022-06-13 22:48:25,-1.7625,-48.8043,75.31,94,43,3.76
375,Sur,OM,2022-06-13 22:48:26,22.5667,59.5289,82.74,78,0,11.23
376,Auki,SB,2022-06-13 22:48:26,-8.7676,160.7034,82.71,73,31,2.73
377,Birjand,IR,2022-06-13 22:48:27,32.8663,59.2211,75.67,20,0,16.11
378,Kainantu,PG,2022-06-13 22:48:27,-6.2887,145.8655,65.64,77,76,3.62
379,Stuttgart,DE,2022-06-13 22:44:38,48.7823,9.177,58.8,82,19,1.9
380,Noumea,NC,2022-06-13 22:48:28,-22.2763,166.4572,75.0,99,97,9.55
381,Toledo,ES,2022-06-13 22:48:28,39.8333,-4.0,82.44,25,11,6.69
382,Northam,GB,2022-06-13 22:48:29,51.0333,-4.2167,52.39,83,4,3.31
383,Hella,NO,2022-06-13 22:48:30,67.2,14.4333,51.06,91,40,3.44
384,Gaozhou,CN,2022-06-13 22:48:30,21.9392,110.8461,78.48,92,100,0.09
385,Xichang,CN,2022-06-13 22:48:31,27.8964,102.2634,59.68,94,100,0.43
386,Morondava,MG,2022-06-13 22:48:31,-20.2833,44.2833,69.04,65,3,6.49
387,Huron,US,2022-06-13 22:48:32,41.1501,-82.5499,87.98,69,67,6.96
388,Troitsko-Pechorsk,RU,2022-06-13 22:48:32,62.7084,56.1964,47.68,49,60,2.35
389,Camacha,PT,2022-06-13 22:48:32,33.0833,-16.3333,63.82,77,75,3.44
390,Marsaxlokk,MT,2022-06-13 22:48:33,35.8419,14.5431,74.08,81,0,8.3
391,Kasama,ZM,2022-06-13 22:48:33,-10.2129,31.1808,51.03,72,7,2.93
392,Ahuimanu,US,2022-06-13 22:48:34,21.4447,-157.8378,83.91,65,100,26.46
393,Belmopan,BZ,2022-06-13 22:48:34,17.25,-88.7667,82.78,99,100,4.41
394,Kendari,ID,2022-06-13 22:48:35,-3.945,122.4989,73.51,95,100,1.57
395,Tadpatri,IN,2022-06-13 22:48:35,14.9167,78.0167,83.14,59,23,15.99
396,Rawson,AR,2022-06-13 22:48:36,-43.3002,-65.1023,55.08,33,100,4.29
397,Ngama,TD,2022-06-13 22:48:36,11.7833,17.1667,83.23,55,100,7.87
398,Guerrero Negro,MX,2022-06-13 22:48:37,27.9769,-114.0611,69.67,70,7,21.21
399,Abha,SA,2022-06-13 22:48:37,18.2164,42.5053,73.22,46,0,0.0
400,Monte Carmelo,BR,2022-06-13 22:47:53,-18.7247,-47.4986,60.94,24,92,5.99
401,Beisfjord,NO,2022-06-13 22:48:38,68.3751,17.5988,53.04,88,72,1.36
402,Sertanopolis,BR,2022-06-13 22:48:38,-23.0586,-51.0364,62.67,72,0,5.08
403,Zabol,AF,2022-06-13 22:48:39,32.25,67.25,67.89,15,0,5.75
404,Nadvoitsy,RU,2022-06-13 22:48:39,63.8667,34.3167,51.42,87,29,5.59
405,Severo-Kurilsk,RU,2022-06-13 22:44:25,50.6789,156.125,45.57,90,99,12.95
406,Zhigansk,RU,2022-06-13 22:48:40,66.7697,123.3711,54.95,66,49,4.83
407,Qaqortoq,GL,2022-06-13 22:48:40,60.7167,-46.0333,43.34,54,0,32.01
408,Lanigan,CA,2022-06-13 22:48:41,51.8501,-105.0344,71.02,61,99,15.35
409,Hambantota,LK,2022-06-13 22:48:41,6.1241,81.1185,79.54,81,99,15.32
410,Dunedin,NZ,2022-06-13 22:44:30,-45.8742,170.5036,45.81,60,84,20.0
411,Olafsvik,IS,2022-06-13 22:49:42,64.8945,-23.7142,50.25,95,100,16.35
412,Iwanai,JP,2022-06-13 22:49:42,42.9744,140.5089,66.34,66,9,2.71
413,Grants,US,2022-06-13 22:49:43,35.1473,-107.8514,89.83,9,0,23.02
414,Broome,US,2022-06-13 22:49:43,42.2506,-75.833,71.8,62,68,4.0
415,Awjilah,LY,2022-06-13 22:49:44,29.1081,21.2869,75.16,52,0,13.87
416,Lixourion,GR,2022-06-13 22:49:44,38.2019,20.4314,73.06,76,13,4.07
417,Tibati,CM,2022-06-13 22:49:45,6.4667,12.6333,67.19,94,97,1.92
418,Baykit,RU,2022-06-13 22:49:45,61.67,96.37,59.27,88,80,0.98
419,Ust-Ilimsk,RU,2022-06-13 22:49:46,58.0006,102.6619,63.3,80,43,3.51
420,Kungurtug,RU,2022-06-13 22:49:46,50.5994,97.5228,61.34,66,94,2.13
421,Sotouboua,TG,2022-06-13 22:49:47,8.5667,0.9833,72.05,94,62,4.32
422,Yichang,CN,2022-06-13 22:45:22,30.7144,111.2847,71.28,77,0,5.53
423,Watsa,CD,2022-06-13 22:49:47,3.0372,29.5355,61.3,98,27,1.01
424,Da Lat,VN,2022-06-13 22:49:48,11.9465,108.4419,59.88,94,82,0.69
425,Petropavlovsk-Kamchatskiy,RU,2022-06-13 22:49:48,53.0452,158.6483,54.19,62,75,2.24
426,Santo Domingo,DO,2022-06-13 22:49:49,18.5001,-69.9886,85.03,71,40,1.01
427,Wanning,CN,2022-06-13 22:49:49,18.8003,110.3967,81.46,91,100,10.22
428,Lagoa,PT,2022-06-13 22:49:50,39.05,-27.9833,62.51,78,10,8.7
429,Vila,PT,2022-06-13 22:49:50,42.0304,-8.1588,67.08,74,17,3.56
430,Osoyoos,CA,2022-06-13 22:49:51,49.0331,-119.4524,65.03,49,100,9.22
431,Colesberg,ZA,2022-06-13 22:49:51,-30.72,25.0972,55.96,44,100,17.45
432,Khorixas,NA,2022-06-13 22:49:51,-20.3667,14.9667,53.31,60,0,2.86
433,Tamandare,BR,2022-06-13 22:49:52,-8.7597,-35.1047,76.01,84,7,4.25
434,Solnechnyy,RU,2022-06-13 22:49:52,50.7214,136.6319,73.65,53,99,3.71
435,Champerico,GT,2022-06-13 22:49:53,14.3,-91.9167,88.34,74,84,9.53
436,Yarada,IN,2022-06-13 22:49:53,17.65,83.2667,85.59,80,87,6.26
437,Jian,CN,2022-06-13 22:49:54,27.1172,114.9793,69.62,95,99,1.68
438,San Vicente,AR,2022-06-13 22:49:54,-26.6167,-54.1333,45.36,97,0,2.57
439,Tateyama,JP,2022-06-13 22:49:55,34.9833,139.8667,65.1,77,100,15.66
440,Chicomuselo,MX,2022-06-13 22:45:17,15.7667,-92.2667,84.65,57,100,3.13
441,Dalbandin,PK,2022-06-13 22:49:55,28.8947,64.4101,83.91,34,0,3.22
442,Ambon,ID,2022-06-13 22:49:56,-3.6954,128.1814,80.67,82,57,5.21
443,Tolmezzo,IT,2022-06-13 22:49:56,46.4075,13.0175,64.76,92,7,7.7
444,Sernur,RU,2022-06-13 22:49:57,56.9333,49.1536,53.92,83,42,4.81
445,Flinders,AU,2022-06-13 22:49:57,-34.5833,150.8552,50.38,71,20,2.91
446,General Roca,AR,2022-06-13 22:49:58,-39.0333,-67.5833,52.68,23,100,4.56
447,Heihe,CN,2022-06-13 22:49:58,50.2441,127.4902,66.78,82,97,8.3
448,Basudebpur,IN,2022-06-13 22:49:59,21.1353,86.7386,85.95,69,86,9.91
449,Miquelon,PM,2022-06-13 22:49:59,47.0975,-56.3814,48.65,93,95,11.88
450,Vardo,NO,2022-06-13 22:49:59,70.3705,31.1107,44.58,81,100,4.61
451,Namibe,AO,2022-06-13 22:50:00,-15.1961,12.1522,66.22,66,0,7.94
452,Barroso,BR,2022-06-13 22:50:01,-21.1869,-43.9758,53.78,79,94,5.79
453,Keningau,MY,2022-06-13 22:50:01,5.3378,116.1602,72.82,98,92,1.05
454,Wigston,GB,2022-06-13 22:50:02,52.5863,-1.1059,58.14,75,100,1.14
455,Keita,NE,2022-06-13 22:51:02,14.7551,5.7749,96.51,18,53,7.18
456,Hami,CN,2022-06-13 22:51:03,42.8,93.45,80.46,7,26,7.02
457,Mumbwa,ZM,2022-06-13 22:51:03,-14.9783,27.0619,50.99,48,1,4.16
458,San Pedro,PH,2022-06-13 22:51:04,14.35,121.0167,82.26,89,20,1.14
459,Roma,US,2022-06-13 22:51:04,43.2128,-75.4557,71.74,49,0,14.97
460,Marzuq,YE,2022-06-13 22:51:05,14.4,46.4667,80.33,34,100,3.56
461,Hampton,US,2022-06-13 22:48:29,37.0299,-76.3452,91.98,66,75,4.61
462,Bowling Green,US,2022-06-13 22:50:52,36.9903,-86.4436,96.73,46,0,10.36
463,Vestmannaeyjar,IS,2022-06-13 22:51:06,63.4427,-20.2734,49.73,97,100,16.33
464,Petatlan,MX,2022-06-13 22:51:06,17.5167,-101.2667,85.48,70,96,12.44
465,Beira,MZ,2022-06-13 22:51:07,-19.8436,34.8389,66.34,90,4,6.69
466,Bowen,AU,2022-06-13 22:51:07,-20.0167,148.2333,62.6,63,0,8.34
467,Nabire,ID,2022-06-13 22:51:07,-3.3667,135.4833,77.49,87,40,2.93
468,Nioro,GM,2022-06-13 22:51:08,13.35,-15.75,80.13,68,100,9.64
469,Waw,SS,2022-06-13 22:51:08,7.7029,27.9953,72.93,89,91,4.59
470,Carlsbad,US,2022-06-13 22:48:37,33.1581,-117.3506,83.34,78,75,11.01
471,Chistogorskiy,RU,2022-06-13 22:51:09,53.9835,87.3843,60.28,85,100,3.56
472,Sawakin,SD,2022-06-13 22:51:10,19.1059,37.3321,89.46,38,1,7.61
473,Winnemucca,US,2022-06-13 22:46:20,40.973,-117.7357,62.65,25,40,14.97
474,Rocha,UY,2022-06-13 22:51:11,-34.4833,-54.3333,48.9,89,35,4.99
475,Makakilo City,US,2022-06-13 22:51:11,21.3469,-158.0858,82.72,56,20,26.46
476,Bogande,BF,2022-06-13 22:51:11,12.9714,-0.1436,92.48,38,20,6.89
477,Sinnamary,GF,2022-06-13 22:51:12,5.3833,-52.95,77.63,84,92,5.39
478,East Peoria,US,2022-06-13 22:51:12,40.6661,-89.5801,94.17,67,84,4.0
479,Boyolangu,ID,2022-06-13 22:51:13,-8.1181,111.8935,74.53,91,93,0.6
480,Datong,CN,2022-06-13 22:50:58,40.0936,113.2914,61.99,47,11,4.43
481,Ancud,CL,2022-06-13 22:51:13,-41.8697,-73.8203,52.23,95,99,8.77
482,Derzhavinsk,KZ,2022-06-13 22:51:14,51.1,66.3167,54.7,78,28,8.66
483,Najran,SA,2022-06-13 22:51:15,17.4924,44.1277,81.25,35,8,5.64
484,Yenagoa,NG,2022-06-13 22:51:15,4.9247,6.2642,75.2,95,100,3.91
485,Bontang,ID,2022-06-13 22:51:16,0.1333,117.5,77.07,84,36,2.84
486,Taoudenni,ML,2022-06-13 22:51:16,22.6783,-3.9836,99.05,8,27,9.37
487,Piastow,PL,2022-06-13 22:51:17,52.1843,20.8395,56.98,94,20,5.75
488,Atar,MR,2022-06-13 22:51:17,20.5169,-13.0499,93.97,29,59,4.23
489,Tevaitoa,PF,2022-06-13 22:51:18,-16.7833,-151.5,79.84,69,2,20.76
490,Zwedru,LR,2022-06-13 22:51:18,6.0667,-8.1281,70.97,90,23,3.31
491,Praia Da Vitoria,PT,2022-06-13 22:51:19,38.7333,-27.0667,62.85,94,40,7.65
492,Parana,AR,2022-06-13 22:50:57,-31.732,-60.5238,59.52,50,0,12.41
493,Burnie,AU,2022-06-13 22:51:19,-41.0667,145.9167,47.91,75,99,3.94
494,Kyshtovka,RU,2022-06-13 22:51:20,56.555,76.6271,54.27,97,96,4.81
495,Ratnagiri,IN,2022-06-13 22:51:20,16.9833,73.3,79.36,87,54,2.93
496,Kelvington,CA,2022-06-13 22:51:21,52.1667,-103.5343,62.6,85,100,15.79
497,Angoche,MZ,2022-06-13 22:51:21,-16.2325,39.9086,72.0,84,70,6.55
498,Olavarria,AR,2022-06-13 22:51:21,-36.8927,-60.3225,52.21,48,96,11.21
499,Batagay-Alyta,RU,2022-06-13 22:52:22,67.8006,130.4114,57.36,55,94,4.92
500,Belmonte,BR,2022-06-13 22:52:22,-15.8631,-38.8828,74.73,84,42,14.09
501,Marshall,US,2022-06-13 22:49:17,34.3834,-86.3333,94.08,56,0,6.91
502,Qasigiannguit,GL,2022-06-13 22:52:23,68.8193,-51.1922,32.77,84,94,2.1
503,Tucuma,BR,2022-06-13 22:52:24,-0.1833,-50.05,76.51,88,11,5.41
504,Lazaro Cardenas,MX,2022-06-13 22:49:53,17.9583,-102.2,84.79,68,78,12.48
505,Kloulklubed,PW,2022-06-13 22:52:22,7.0419,134.2556,77.5,74,85,13.35
506,Zarubino,RU,2022-06-13 22:52:25,42.63,131.0922,53.8,88,100,6.53
507,Murdochville,CA,2022-06-13 22:52:25,48.9583,-65.5006,47.28,98,100,4.32
508,Mufumbwe,ZM,2022-06-13 22:52:25,-13.6833,24.8,52.81,64,1,4.32
509,Aswan,EG,2022-06-13 22:52:26,24.0934,32.907,74.5,43,0,6.91
510,Vanimo,PG,2022-06-13 22:52:26,-2.6741,141.3028,81.61,73,18,6.06
511,Ust-Tsilma,RU,2022-06-13 22:52:27,65.441,52.1498,58.3,48,100,4.76
512,Ballina,AU,2022-06-13 22:52:27,-28.8667,153.5667,56.01,93,88,4.92
513,Sydney,AU,2022-06-13 22:50:49,-33.8679,151.2073,52.27,73,20,10.36
514,Lexington,US,2022-06-13 22:50:57,37.9887,-84.4777,93.2,63,0,11.5
515,Beyneu,KZ,2022-06-13 22:52:28,45.3167,55.2,74.39,23,54,16.69
516,Toora-Khem,RU,2022-06-13 22:52:28,52.4675,96.11,58.84,89,97,1.16
517,Belle Fourche,US,2022-06-13 22:52:29,44.6714,-103.8522,79.32,70,42,21.56
518,Tingo Maria,PE,2022-06-13 22:52:29,-9.2895,-76.0088,68.13,83,56,1.66
519,Alikalia,SL,2022-06-13 22:52:30,9.1667,-11.4,70.48,98,100,3.11
520,Lorengau,PG,2022-06-13 22:52:30,-2.0226,147.2712,85.3,63,24,13.09
521,Ketchikan,US,2022-06-13 22:52:31,55.3422,-131.6461,57.67,67,100,6.91
522,Ust-Shonosha,RU,2022-06-13 22:52:31,61.1531,41.343,54.68,97,100,4.38
523,Roquetas De Mar,ES,2022-06-13 22:52:32,36.7642,-2.6148,75.61,76,66,8.48
524,Maumere,ID,2022-06-13 22:52:32,-8.6199,122.2111,78.71,79,100,5.48
525,Aleksandrovskoye,RU,2022-06-13 22:52:32,44.7142,43.0008,60.42,67,67,4.61
526,Karratha,AU,2022-06-13 22:52:33,-20.7377,116.8463,71.53,56,12,7.99
527,Udachnyy,RU,2022-06-13 22:52:33,66.4167,112.4,64.45,36,16,5.93
528,Pokrovskoye,RU,2022-06-13 22:52:34,47.4157,38.8971,66.9,52,0,7.4
529,North Bend,US,2022-06-13 22:52:34,43.4065,-124.2243,61.92,85,100,9.22
530,Necochea,AR,2022-06-13 22:52:35,-38.5473,-58.7368,53.76,56,100,12.28
531,Terrace Bay,CA,2022-06-13 22:52:35,48.7834,-87.1,51.73,64,97,6.31
532,Keetmanshoop,NA,2022-06-13 22:52:35,-26.5833,18.1333,53.94,49,100,14.74
533,La Ronge,CA,2022-06-13 22:50:20,55.1001,-105.2842,64.65,68,75,12.66
534,Haapsalu,EE,2022-06-13 22:52:36,58.9431,23.5414,56.01,79,85,5.77
535,Kalabo,ZM,2022-06-13 22:52:37,-14.97,22.6814,55.56,56,0,2.91
536,Shubarkuduk,KZ,2022-06-13 22:52:37,49.1447,56.4872,54.63,79,0,5.68
537,Tokur,RU,2022-06-13 22:52:37,53.1333,132.9,56.97,92,100,4.99
538,Sakakah,SA,2022-06-13 22:52:38,29.9697,40.2064,85.57,28,0,7.83
539,Egvekinot,RU,2022-06-13 22:52:38,66.3167,-179.1667,32.38,70,100,6.29
540,Salamiyah,SY,2022-06-13 22:52:39,35.0113,37.0532,66.22,83,0,13.42
541,Salina,US,2022-06-13 22:51:51,38.8403,-97.6114,101.01,31,0,25.32
542,Zedelgem,BE,2022-06-13 22:52:39,51.1262,3.1372,55.04,77,17,1.99
543,Rognan,NO,2022-06-13 22:52:40,67.0953,15.3878,51.94,86,98,1.12
544,Petukhovo,RU,2022-06-13 22:52:40,55.0692,67.9019,50.36,96,20,6.51
545,Cabuyaro,CO,2022-06-13 22:52:41,4.2817,-72.794,66.47,96,100,4.61
546,Inverell,AU,2022-06-13 22:52:41,-29.7833,151.1167,53.17,82,25,1.99
547,Russell,US,2022-06-13 22:52:42,32.3502,-85.1999,94.23,52,0,4.61
548,Pastavy,BY,2022-06-13 22:53:42,55.1168,26.8326,54.41,99,100,4.09
549,Nortelandia,BR,2022-06-13 22:53:43,-14.4547,-56.8028,63.21,51,61,3.06
550,Carlyle,US,2022-06-13 22:53:43,38.6103,-89.3726,95.4,62,82,8.01
551,Cordoba,AR,2022-06-13 22:53:43,-31.4135,-64.1811,62.76,26,0,9.22
552,Acapulco,MX,2022-06-13 22:53:44,16.8634,-99.8901,78.78,85,99,13.51
553,Erenhot,CN,2022-06-13 22:53:44,43.6475,111.9767,59.32,65,17,9.35
554,Paamiut,GL,2022-06-13 22:53:45,61.994,-49.6678,35.91,86,13,33.91
555,Kushiro,JP,2022-06-13 22:53:45,42.975,144.3747,49.15,100,75,3.44
556,Bubaque,GW,2022-06-13 22:53:46,11.2833,-15.8333,79.92,84,82,13.24
557,Chara,RU,2022-06-13 22:53:46,56.9064,118.2631,58.14,67,100,1.28
558,Wad Madani,SD,2022-06-13 22:53:46,14.4012,33.5199,83.16,52,90,23.98
559,Mumford,GH,2022-06-13 22:53:47,5.2618,-0.759,78.39,82,40,11.77
560,Erzin,TR,2022-06-13 22:53:47,36.9559,36.2,68.18,91,62,1.19
561,Sao Francisco,BR,2022-06-13 22:53:48,-15.9486,-44.8644,75.2,41,87,5.08
562,Brokopondo,SR,2022-06-13 22:53:48,4.75,-55.1667,78.91,80,83,10.56
563,Jahangirpur,IN,2022-06-13 22:53:49,28.1833,77.7167,91.99,37,36,11.52
564,Adrar,MR,2022-06-13 22:53:49,20.5022,-10.0711,92.25,21,47,6.91
